DROP TABLE IF EXISTS BookCategory, Reviews, LoanHistory, WrittenBy, Categories, Users, Copies, States, Authors, Books;

CREATE TABLE Books
(
    id_book               INT AUTO_INCREMENT,
    image_book            TEXT,
    publication_date_book DATE,
    name_book             VARCHAR(255),
    description_book      TEXT,
    PRIMARY KEY (id_book)
);

CREATE TABLE Authors
(
    id_author   INT AUTO_INCREMENT,
    name_author VARCHAR(255),
    PRIMARY KEY (id_author)
);

CREATE TABLE States
(
    id_state   INT,
    name_state VARCHAR(32),
    PRIMARY KEY (id_state)
);

CREATE TABLE Copies
(
    id_copy     INT AUTO_INCREMENT,
    isAvailable BOOLEAN,
    id_book     INT NOT NULL,
    id_state    INT NOT NULL,
    PRIMARY KEY (id_copy),
    FOREIGN KEY (id_book) REFERENCES Books (id_book),
    FOREIGN KEY (id_state) REFERENCES States (id_state)
);

CREATE TABLE Users
(
    id_user         INT AUTO_INCREMENT,
    username        VARCHAR(255),
    password        TEXT,
    first_name_user VARCHAR(255),
    last_name_user  VARCHAR(255),
    isAdmin         BOOLEAN,
    PRIMARY KEY (id_user)
);

CREATE TABLE Categories
(
    id_category   INT,
    name_category VARCHAR(32),
    PRIMARY KEY (id_category)
);

CREATE TABLE WrittenBy
(
    id_book   INT,
    id_author INT,
    PRIMARY KEY (id_book, id_author),
    FOREIGN KEY (id_book) REFERENCES Books (id_book),
    FOREIGN KEY (id_author) REFERENCES Authors (id_author)
);

CREATE TABLE LoanHistory
(
    id_copy    INT,
    id_user    INT,
    start_loan DATE,
    end_loan   DATE,
    PRIMARY KEY (id_copy, id_user),
    FOREIGN KEY (id_copy) REFERENCES Copies (id_copy),
    FOREIGN KEY (id_user) REFERENCES Users (id_user)
);

CREATE TABLE Reviews
(
    id_book        INT,
    id_user        INT,
    content_review TEXT,
    date_review    DATE,
    PRIMARY KEY (id_book, id_user),
    FOREIGN KEY (id_book) REFERENCES Books (id_book),
    FOREIGN KEY (id_user) REFERENCES Users (id_user)
);

CREATE TABLE BookCategory
(
    id_book     INT,
    id_category INT,
    PRIMARY KEY (id_book, id_category),
    FOREIGN KEY (id_book) REFERENCES Books (id_book),
    FOREIGN KEY (id_category) REFERENCES Categories (id_category)
);

INSERT INTO Books (publication_date_book, name_book, description_book)
VALUES ('1997-06-26', 'Harry Potter and the Sorcerer\'s Stone',
        'Le premier roman de la série Harry Potter, où Harry découvre qu\'il est un sorcier.'),
       ('1949-06-08', '1984', 'Un roman dystopique qui explore les thèmes de la surveillance et du totalitarisme.'),
       ('1937-09-21', 'The Hobbit', 'Un préquel au Seigneur des Anneaux, suivant les aventures de Bilbo Baggins.'),
       ('1960-07-11', 'To Kill a Mockingbird',
        'Un roman qui aborde le racisme et l\'injustice dans le Deep South américain.'),
       ('1925-04-10', 'The Great Gatsby', 'Un regard critique sur le rêve américain pendant les années folles.'),
       ('1813-01-28', 'Pride and Prejudice',
        'Une comédie romantique sur les mœurs de la société britannique du début du XIXe siècle.'),
       ('1876-06-01', 'The Adventures of Tom Sawyer',
        'Les aventures d\'un jeune garçon vivant près du fleuve Mississippi.'),
       ('1952-09-01', 'The Old Man and the Sea',
        'L\'histoire d\'un vieux pêcheur et de sa lutte avec un grand marlin.'),
       ('1977-01-28', 'The Shining', 'Un roman d\'horreur sur une famille dans un hôtel isolé.'),
       ('1934-01-01', 'Murder on the Orient Express', 'Un mystère de meurtre à bord d\'un train célèbre.'),
       ('2003-03-18', 'The Da Vinci Code',
        'Un thriller qui explore les secrets cachés dans les œuvres d\'art de la Renaissance.'),
       ('1951-05-01', 'Foundation',
        'Un roman de science-fiction sur la chute et la renaissance d\'un empire galactique.'),
       ('1968-07-01', '2001: A Space Odyssey', 'Une exploration de l\'humanité et de l\'intelligence artificielle.'),
       ('1950-10-16', 'The Chronicles of Narnia', 'Une série de fantasy pour enfants dans un monde magique.'),
       ('1818-01-01', 'Frankenstein', 'L\'histoire d\'un scientifique et de sa créature.'),
       ('1859-04-30', 'A Tale of Two Cities', 'Un roman situé pendant la Révolution française.'),
       ('1869-01-01', 'War and Peace', 'Un roman épique sur la société russe pendant les guerres napoléoniennes.'),
       ('1967-05-30', 'One Hundred Years of Solitude', 'L\'histoire multi-générationnelle de la famille Buendía.'),
       ('1895-05-07', 'The Time Machine',
        'Un scientifique voyage dans le futur pour découvrir la destinée de l\'humanité.'),
       ('1925-05-14', 'Mrs Dalloway', 'Une journée dans la vie d\'une femme de la haute société britannique.'),
       ('1951-07-16', 'The Catcher in the Rye',
        'Les expériences d\'un adolescent à New York après avoir été expulsé de l\'école.'),
       ('1988-01-01', 'The Alchemist', 'Un berger andalou voyage en Égypte à la recherche d\'un trésor.'),
       ('2003-05-29', 'The Kite Runner', 'Une histoire d\'amitié et de rédemption en Afghanistan.'),
       ('1932-01-01', 'Brave New World',
        'Un roman dystopique sur une société futuriste contrôlée par la technologie et le conditionnement.'),
       ('1945-08-17', 'Animal Farm',
        'Une allégorie politique utilisant des animaux pour représenter la révolution russe.'),
       ('1954-07-29', 'The Lord of the Rings', 'Une quête épique pour détruire un anneau puissant.'),
       ('1847-12-01', 'Wuthering Heights', 'Une histoire d\'amour passionnée et tragique sur les landes anglaises.'),
       ('1890-06-20', 'The Picture of Dorian Gray', 'Un homme vend son âme pour la jeunesse éternelle.'),
       ('1897-05-26', 'Dracula', 'Le comte Dracula tente de s\'installer en Angleterre.'),
       ('0800-01-01', 'The Odyssey', 'Le voyage d\'Ulysse pour retourner à Ithaque après la guerre de Troie.'),
       ('1866-01-01', 'Crime and Punishment', 'Un étudiant pauvre planifie le meurtre d\'une prêteuse sur gages.'),
       ('1862-01-01', 'Les Misérables',
        'L\'histoire de Jean Valjean, un ancien bagnard recherché par un inspecteur de police.'),
       ('1880-01-01', 'The Brothers Karamazov', 'Un roman philosophique sur la foi, le doute et la famille.'),
       ('1605-01-16', 'Don Quixote', 'Un noble espagnol devient chevalier errant pour restaurer la justice.'),
       ('1988-04-01', 'A Brief History of Time', 'Une exploration des origines et de la structure de l\'univers.'),
       ('1976-01-01', 'The Selfish Gene', 'Un livre sur la théorie de l\'évolution centré sur les gènes.'),
       ('0500-01-01', 'The Art of War', 'Un traité militaire chinois sur la stratégie et la tactique.'),
       ('1532-01-01', 'The Prince', 'Un guide politique sur le pouvoir et la gouvernance.'),
       ('2006-09-26', 'The Road', 'Un père et son fils traversent un monde post-apocalyptique.'),
       ('2005-08-01', 'The Girl with the Dragon Tattoo',
        'Un journaliste enquête sur une disparition vieille de quarante ans.'),
       ('2001-09-11', 'Life of Pi', 'Un jeune homme survit à un naufrage avec un tigre du Bengale.'),
       ('2012-05-24', 'Gone Girl', 'Un thriller sur la disparition mystérieuse d\'une femme.'),
       ('2008-09-14', 'The Hunger Games',
        'Dans un futur dystopique, des adolescents sont forcés de s\'affronter à mort.'),
       ('1965-08-01', 'Dune', 'Un jeune noble devient le messie d\'une planète désertique.'),
       ('2012-01-10', 'The Fault in Our Stars', 'Deux adolescents atteints de cancer tombent amoureux.'),
       ('1939-04-14', 'The Grapes of Wrath',
        'Une famille d\'agriculteurs migre vers l\'ouest pendant la Grande Dépression.'),
       ('1851-10-18', 'Moby-Dick', 'Le capitaine Ahab chasse une baleine blanche légendaire.'),
       ('1877-01-01', 'Anna Karenina', 'Une femme de la haute société russe a une liaison fatale.'),
       ('1952-04-14', 'Invisible Man', 'Un homme noir lutte contre le racisme et l\'aliénation.'),
       ('1915-01-01', 'The Metamorphosis', 'Un homme se réveille transformé en insecte géant.');

INSERT INTO Authors (name_author)
VALUES ('J.K. Rowling'),
       ('George Orwell'),
       ('J.R.R. Tolkien'),
       ('Harper Lee'),
       ('F. Scott Fitzgerald'),
       ('Jane Austen'),
       ('Mark Twain'),
       ('Ernest Hemingway'),
       ('Stephen King'),
       ('Agatha Christie'),
       ('Dan Brown'),
       ('Isaac Asimov'),
       ('Arthur C. Clarke'),
       ('C.S. Lewis'),
       ('Mary Shelley'),
       ('Charles Dickens'),
       ('Leo Tolstoy'),
       ('Gabriel García Márquez'),
       ('H.G. Wells'),
       ('Virginia Woolf'),
       ('J.D. Salinger'),
       ('Paulo Coelho'),
       ('Khaled Hosseini'),
       ('Aldous Huxley'),
       ('Emily Brontë'),
       ('Oscar Wilde'),
       ('Bram Stoker'),
       ('Homer'),
       ('Fyodor Dostoevsky'),
       ('Victor Hugo'),
       ('Miguel de Cervantes'),
       ('Stephen Hawking'),
       ('Richard Dawkins'),
       ('Sun Tzu'),
       ('Niccolò Machiavelli'),
       ('Cormac McCarthy'),
       ('Stieg Larsson'),
       ('Yann Martel'),
       ('Gillian Flynn'),
       ('Suzanne Collins'),
       ('Frank Herbert'),
       ('John Green'),
       ('John Steinbeck'),
       ('Herman Melville'),
       ('Ralph Ellison'),
       ('Franz Kafka');

INSERT INTO States (id_state, name_state)
VALUES (1, 'Neuf'),
       (2, 'Très bon état'),
       (3, 'Bon état'),
       (4, 'Acceptable'),
       (5, 'Usagé'),
       (6, 'Abîmé');

INSERT INTO Copies (isAvailable, id_book, id_state)
VALUES (TRUE, 1, 3),
       (TRUE, 1, 3),
       (TRUE, 1, 2),
       (TRUE, 1, 4),
       (TRUE, 2, 3),
       (TRUE, 2, 3),
       (TRUE, 2, 3),
       (TRUE, 2, 5),
       (TRUE, 3, 3),
       (TRUE, 3, 3),
       (TRUE, 4, 3),
       (TRUE, 4, 2),
       (TRUE, 4, 3),
       (TRUE, 5, 3),
       (TRUE, 6, 3),
       (TRUE, 6, 3),
       (TRUE, 6, 1),
       (TRUE, 7, 3),
       (TRUE, 7, 4),
       (TRUE, 8, 3),
       (TRUE, 8, 3),
       (TRUE, 8, 2),
       (TRUE, 9, 3),
       (TRUE, 9, 5),
       (TRUE, 9, 3),
       (TRUE, 10, 3),
       (TRUE, 11, 3),
       (TRUE, 11, 3),
       (TRUE, 11, 4),
       (TRUE, 12, 3),
       (TRUE, 12, 2),
       (TRUE, 12, 3),
       (TRUE, 12, 3),
       (TRUE, 13, 3),
       (TRUE, 14, 3),
       (TRUE, 14, 3),
       (TRUE, 14, 3),
       (TRUE, 14, 2),
       (TRUE, 15, 3),
       (TRUE, 15, 5),
       (TRUE, 16, 3),
       (TRUE, 16, 3),
       (TRUE, 17, 3),
       (TRUE, 17, 3),
       (TRUE, 17, 4),
       (TRUE, 18, 3),
       (TRUE, 19, 3),
       (TRUE, 19, 2),
       (TRUE, 20, 3),
       (TRUE, 20, 6),
       (TRUE, 21, 3),
       (TRUE, 21, 3),
       (TRUE, 21, 3),
       (TRUE, 22, 3),
       (TRUE, 22, 2),
       (TRUE, 23, 3),
       (TRUE, 23, 3),
       (TRUE, 23, 3),
       (TRUE, 23, 1),
       (TRUE, 24, 3),
       (TRUE, 24, 4),
       (TRUE, 25, 3),
       (TRUE, 25, 5),
       (TRUE, 26, 3),
       (TRUE, 26, 3),
       (TRUE, 26, 2),
       (TRUE, 27, 3),
       (TRUE, 28, 3),
       (TRUE, 28, 3),
       (TRUE, 29, 3),
       (TRUE, 29, 6),
       (TRUE, 30, 3),
       (TRUE, 31, 3),
       (TRUE, 31, 2),
       (TRUE, 31, 3),
       (TRUE, 32, 3),
       (TRUE, 32, 3),
       (TRUE, 33, 3),
       (TRUE, 33, 3),
       (TRUE, 33, 4),
       (TRUE, 34, 3),
       (TRUE, 35, 3),
       (TRUE, 35, 3),
       (TRUE, 36, 3),
       (TRUE, 36, 5),
       (TRUE, 37, 3),
       (TRUE, 37, 3),
       (TRUE, 38, 3),
       (TRUE, 38, 2),
       (TRUE, 39, 3),
       (TRUE, 40, 3),
       (TRUE, 40, 3),
       (TRUE, 40, 3),
       (TRUE, 41, 3),
       (TRUE, 41, 4),
       (TRUE, 42, 3),
       (TRUE, 42, 3),
       (TRUE, 42, 2),
       (TRUE, 43, 3),
       (TRUE, 44, 3),
       (TRUE, 44, 3),
       (TRUE, 45, 3),
       (TRUE, 45, 6),
       (TRUE, 46, 3),
       (TRUE, 46, 3),
       (TRUE, 46, 2),
       (TRUE, 47, 3),
       (TRUE, 48, 3),
       (TRUE, 48, 3),
       (TRUE, 49, 3),
       (TRUE, 49, 3),
       (TRUE, 49, 5),
       (TRUE, 50, 3),
       (TRUE, 50, 3);

INSERT INTO Users (username, password, first_name_user, last_name_user, isAdmin)
VALUES ('admin', 'admin', 'Admin', 'ADMIN', TRUE),
       ('user', 'user', 'User', 'USER', FALSE),
       ('jdoe', 'pass123', 'John', 'Doe', FALSE),
       ('asmith', 'password1', 'Alice', 'Smith', FALSE),
       ('bthompson', 'qwerty', 'Bob', 'Thompson', FALSE),
       ('cjohnson', 'abc123', 'Carol', 'Johnson', FALSE),
       ('djones', 'letmein', 'David', 'Jones', FALSE),
       ('ewilliams', 'monkey', 'Emma', 'Williams', FALSE),
       ('fgarcia', 'dragon', 'Frank', 'Garcia', FALSE),
       ('hbrown', 'sunshine', 'Hannah', 'Brown', FALSE),
       ('jmartin', 'iloveyou', 'Jack', 'Martin', FALSE),
       ('kmiller', 'princess', 'Karen', 'Miller', FALSE),
       ('llee', 'password', 'Lucas', 'Lee', FALSE),
       ('mrodriguez', 'welcome', 'Maria', 'Rodriguez', FALSE),
       ('nwilson', 'football', 'Nathan', 'Wilson', FALSE),
       ('operez', 'charlie', 'Olivia', 'Perez', FALSE),
       ('psanchez', 'superman', 'Paul', 'Sanchez', FALSE),
       ('qyoung', 'batman', 'Quinn', 'Young', FALSE),
       ('rking', 'trustno1', 'Ryan', 'King', FALSE),
       ('slopez', 'passw0rd', 'Sofia', 'Lopez', FALSE),
       ('twhite', 'starwars', 'Tom', 'White', FALSE),
       ('uwalker', 'hello123', 'Uma', 'Walker', FALSE),
       ('vscott', 'master', 'Victor', 'Scott', FALSE),
       ('wbaker', 'freedom', 'Wendy', 'Baker', FALSE),
       ('xdavis', 'whatever', 'Xavier', 'Davis', FALSE),
       ('yhernandez', 'qazwsx', 'Yara', 'Hernandez', FALSE),
       ('zmartinez', 'letmein123', 'Zoe', 'Martinez', FALSE),
       ('aaallen', 'asdfgh', 'Aaron', 'Allen', FALSE),
       ('bbadams', 'zxcvbn', 'Bella', 'Adams', FALSE),
       ('cccampbell', 'password123', 'Chris', 'Campbell', FALSE),
       ('ddcollins', '123qwe', 'Diana', 'Collins', FALSE);

INSERT INTO Categories (id_category, name_category)
VALUES (1, 'Fiction'),
       (2, 'Non-Fiction'),
       (3, 'Science Fiction'),
       (4, 'Fantasy'),
       (5, 'Mystery'),
       (6, 'Romance'),
       (7, 'Thriller'),
       (8, 'Biography'),
       (9, 'History'),
       (10, 'Children\'s'),
       (11, 'Young Adult'),
       (12, 'Classics'),
       (13, 'Horror'),
       (14, 'Self-Help'),
       (15, 'Science'),
       (16, 'Poetry'),
       (17, 'Art'),
       (18, 'Travel'),
       (19, 'Health'),
       (20, 'Business');

INSERT INTO WrittenBy (id_book, id_author)
VALUES (1, 1),
       (2, 2),
       (3, 3),
       (4, 4),
       (5, 5),
       (6, 6),
       (7, 7),
       (8, 8),
       (9, 9),
       (10, 10),
       (11, 11),
       (12, 12),
       (13, 13),
       (14, 14),
       (15, 15),
       (16, 16),
       (17, 17),
       (18, 18),
       (19, 19),
       (20, 20),
       (21, 21),
       (22, 22),
       (23, 23),
       (24, 24),
       (25, 2),
       (26, 3),
       (27, 25),
       (28, 26),
       (29, 27),
       (30, 28),
       (31, 29),
       (32, 30),
       (33, 29),
       (34, 31),
       (35, 32),
       (36, 33),
       (37, 34),
       (38, 35),
       (39, 36),
       (40, 37),
       (41, 38),
       (42, 39),
       (43, 40),
       (44, 41),
       (45, 42),
       (46, 43),
       (47, 44),
       (48, 17),
       (49, 45),
       (50, 46);

INSERT INTO LoanHistory (id_copy, id_user, start_loan, end_loan)
VALUES (1, 2, '2024-07-01', '2024-07-15'),
       (2, 2, '2024-07-16', '2024-07-30'),
       (3, 2, '2024-08-01', '2024-08-15'),
       (4, 2, '2024-08-16', NULL),
       (5, 2, '2024-09-01', '2024-09-15'),
       (6, 2, '2024-09-16', '2024-09-30'),
       (7, 2, '2024-10-01', '2024-10-15'),
       (8, 2, '2024-10-16', NULL),
       (9, 2, '2024-11-01', '2024-11-15'),
       (10, 2, '2024-11-16', '2024-11-28'),
       (11, 2, '2024-05-01', '2024-05-15'),
       (12, 2, '2024-05-16', NULL),
       (13, 2, '2024-06-01', '2024-06-15'),
       (14, 2, '2024-06-16', '2024-06-30'),
       (15, 2, '2024-07-01', '2024-07-15'),
       (16, 3, '2024-08-01', '2024-08-15'),
       (17, 3, '2024-09-01', '2024-09-15'),
       (18, 3, '2024-10-01', '2024-10-15'),
       (19, 3, '2024-11-01', NULL),
       (20, 3, '2024-11-16', '2024-11-28'),
       (21, 4, '2024-07-05', '2024-07-20'),
       (22, 4, '2024-08-05', '2024-08-20'),
       (23, 4, '2024-09-05', NULL),
       (24, 4, '2024-10-05', '2024-10-20'),
       (25, 5, '2024-07-10', '2024-07-25'),
       (26, 5, '2024-08-10', NULL),
       (27, 6, '2024-07-15', '2024-07-30'),
       (28, 6, '2024-08-15', '2024-08-30'),
       (29, 6, '2024-09-15', '2024-09-30'),
       (30, 6, '2024-10-15', NULL),
       (31, 6, '2024-11-15', '2024-11-28'),
       (32, 6, '2024-05-15', '2024-05-30'),
       (33, 7, '2024-06-01', '2024-06-15'),
       (34, 7, '2024-07-01', '2024-07-15'),
       (35, 7, '2024-08-01', NULL),
       (36, 8, '2024-06-05', '2024-06-20'),
       (37, 9, '2024-06-10', '2024-06-25'),
       (38, 9, '2024-07-10', NULL),
       (39, 10, '2024-06-15', '2024-06-30'),
       (40, 10, '2024-07-15', '2024-07-30'),
       (41, 10, '2024-08-15', NULL),
       (42, 11, '2024-07-01', '2024-07-15'),
       (43, 11, '2024-08-01', NULL),
       (44, 12, '2024-07-05', '2024-07-20'),
       (45, 12, '2024-08-05', '2024-08-20'),
       (46, 12, '2024-09-05', '2024-09-20'),
       (47, 12, '2024-10-05', NULL),
       (48, 13, '2024-07-10', '2024-07-25'),
       (49, 14, '2024-07-15', '2024-07-30'),
       (50, 14, '2024-08-15', NULL),
       (51, 15, '2024-07-20', '2024-08-05'),
       (52, 15, '2024-08-20', '2024-09-05'),
       (53, 15, '2024-09-20', NULL),
       (54, 16, '2024-07-25', '2024-08-10'),
       (55, 17, '2024-08-01', '2024-08-15'),
       (56, 17, '2024-09-01', NULL),
       (57, 18, '2024-08-05', '2024-08-20'),
       (58, 19, '2024-08-10', '2024-08-25'),
       (59, 19, '2024-09-10', NULL),
       (60, 20, '2024-08-15', '2024-08-30'),
       (61, 20, '2024-09-15', '2024-09-30'),
       (62, 20, '2024-10-15', NULL),
       (63, 21, '2024-08-20', '2024-09-05'),
       (64, 22, '2024-08-25', '2024-09-10'),
       (65, 22, '2024-09-25', NULL),
       (66, 23, '2024-09-01', '2024-09-15'),
       (67, 24, '2024-09-05', '2024-09-20'),
       (68, 24, '2024-10-05', NULL),
       (69, 25, '2024-09-10', '2024-09-25'),
       (70, 26, '2024-09-15', '2024-09-30'),
       (71, 26, '2024-10-15', NULL),
       (72, 27, '2024-09-20', '2024-10-05'),
       (73, 28, '2024-09-25', '2024-10-10'),
       (74, 28, '2024-10-25', NULL),
       (75, 29, '2024-10-01', '2024-10-15'),
       (76, 29, '2024-11-01', '2024-11-15'),
       (77, 29, '2024-11-16', NULL),
       (78, 30, '2024-10-05', '2024-10-20'),
       (79, 31, '2024-10-10', '2024-10-25');

INSERT INTO Reviews (id_book, id_user, content_review, date_review)
VALUES (1, 2, 'Un livre captivant du début à la fin.', '2024-07-16'),
       (2, 2, 'Une vision effrayante du futur.', '2024-07-31'),
       (3, 2, 'Une aventure fantastique inoubliable.', '2024-08-16'),
       (3, 3, 'J\'ai adoré l\'univers créé par l\'auteur.', '2024-08-20'),
       (4, 4, 'Un livre poignant et émouvant.', '2024-09-10'),
       (5, 5, 'Une critique fascinante de la société.', '2024-07-26'),
       (6, 6, 'Un classique incontournable.', '2024-08-15'),
       (7, 7, 'Amusant et plein de charme.', '2024-08-20'),
       (8, 8, 'Une histoire simple mais puissante.', '2024-08-25'),
       (9, 9, 'Terrifiant et bien écrit.', '2024-09-15'),
       (10, 10, 'Un mystère bien ficelé.', '2024-09-30'),
       (11, 11, 'Intrigant du début à la fin.', '2024-10-15'),
       (12, 12, 'Un chef-d\'œuvre de science-fiction.', '2024-10-20'),
       (13, 13, 'Profond et stimulant.', '2024-08-25'),
       (14, 14, 'Magique et enchanteur.', '2024-09-30'),
       (15, 15, 'Une histoire effrayante mais fascinante.', '2024-09-05'),
       (16, 16, 'Un récit épique.', '2024-09-10'),
       (17, 17, 'Complexe mais gratifiant.', '2024-09-25'),
       (18, 18, 'Une saga familiale impressionnante.', '2024-09-20'),
       (19, 19, 'Visionnaire et captivant.', '2024-10-25'),
       (20, 20, 'Un portrait saisissant de la société.', '2024-10-30');

INSERT INTO BookCategory (id_book, id_category)
VALUES (1, 4),
       (1, 11),
       (2, 1),
       (2, 12),
       (3, 4),
       (3, 12),
       (4, 1),
       (4, 12),
       (5, 1),
       (5, 12),
       (6, 6),
       (6, 12),
       (7, 10),
       (7, 12),
       (8, 1),
       (8, 12),
       (9, 13),
       (9, 1),
       (10, 5),
       (10, 1),
       (11, 7),
       (11, 1),
       (12, 3),
       (12, 12),
       (13, 3),
       (13, 1),
       (14, 4),
       (14, 10),
       (15, 13),
       (15, 12),
       (16, 1),
       (16, 12),
       (17, 1),
       (17, 12),
       (18, 1),
       (18, 12),
       (19, 3),
       (19, 12),
       (20, 1),
       (20, 12),
       (21, 1),
       (21, 12),
       (22, 1),
       (22, 14),
       (23, 1),
       (23, 9),
       (24, 3),
       (24, 12),
       (25, 1),
       (25, 12),
       (26, 4),
       (26, 12),
       (27, 1),
       (27, 12),
       (28, 1),
       (28, 12),
       (29, 13),
       (29, 12),
       (30, 12),
       (30, 16),
       (31, 1),
       (31, 12),
       (32, 1),
       (32, 12),
       (33, 1),
       (33, 12),
       (34, 1),
       (34, 12),
       (35, 15),
       (35, 2),
       (36, 15),
       (36, 2),
       (37, 9),
       (37, 12),
       (38, 14),
       (38, 12),
       (39, 1),
       (39, 3),
       (40, 5),
       (40, 7),
       (41, 1),
       (42, 7),
       (42, 1),
       (43, 11),
       (43, 3),
       (44, 3),
       (44, 12),
       (45, 11),
       (45, 6),
       (46, 1),
       (46, 12),
       (47, 1),
       (47, 12),
       (48, 1),
       (48, 12),
       (49, 1),
       (49, 12),
       (50, 1),
       (50, 12);
